# name	tier	url	ref	builder	distribution	submodules
# Only sources that production code actually patches or includes are cloned.
# Resolved revisions are recorded as provenance, not used as compatibility
# keys. TileLang, TVM-FFI, Quack and CUTLASS DSL use published wheels; the
# cuDNN frontend headers are already vendored under cpp/external.
cutlass	core	https://github.com/NVIDIA/cutlass.git	HEAD	header	-	none
flash-attention	core	https://github.com/Dao-AILab/flash-attention.git	HEAD	python:flash_attn/cute	flash-attn-4	csrc/cutlass
QFlash	research	https://github.com/EfficientCompLab/qflash.git	HEAD	python:.	qflash	none
SageAttention	research	https://github.com/thu-ml/SageAttention.git	HEAD	python:.	sageattention	recursive
luminal	research	https://github.com/luminal-ai/luminal.git	HEAD	rust	luminal-python	recursive
